-- MySQL dump 10.13  Distrib 8.0.28, for Win64 (x86_64)
--
-- Host: localhost    Database: supermercado
-- ------------------------------------------------------
-- Server version	8.0.28

/*!40101 SET @OLD_CHARACTER_SET_CLIENT=@@CHARACTER_SET_CLIENT */;
/*!40101 SET @OLD_CHARACTER_SET_RESULTS=@@CHARACTER_SET_RESULTS */;
/*!40101 SET @OLD_COLLATION_CONNECTION=@@COLLATION_CONNECTION */;
/*!50503 SET NAMES utf8 */;
/*!40103 SET @OLD_TIME_ZONE=@@TIME_ZONE */;
/*!40103 SET TIME_ZONE='+00:00' */;
/*!40014 SET @OLD_UNIQUE_CHECKS=@@UNIQUE_CHECKS, UNIQUE_CHECKS=0 */;
/*!40014 SET @OLD_FOREIGN_KEY_CHECKS=@@FOREIGN_KEY_CHECKS, FOREIGN_KEY_CHECKS=0 */;
/*!40101 SET @OLD_SQL_MODE=@@SQL_MODE, SQL_MODE='NO_AUTO_VALUE_ON_ZERO' */;
/*!40111 SET @OLD_SQL_NOTES=@@SQL_NOTES, SQL_NOTES=0 */;

--
-- Table structure for table `bitacora`
--

DROP TABLE IF EXISTS `bitacora`;
/*!40101 SET @saved_cs_client     = @@character_set_client */;
/*!50503 SET character_set_client = utf8mb4 */;
CREATE TABLE `bitacora` (
  `idbitacora` int NOT NULL AUTO_INCREMENT,
  `tabla` varchar(75) DEFAULT NULL,
  `operacion` varchar(45) DEFAULT NULL,
  `fecha` datetime DEFAULT NULL,
  `usuario` varchar(100) DEFAULT NULL,
  PRIMARY KEY (`idbitacora`)
) ENGINE=InnoDB DEFAULT CHARSET=utf8mb4 COLLATE=utf8mb4_0900_ai_ci;
/*!40101 SET character_set_client = @saved_cs_client */;

--
-- Dumping data for table `bitacora`
--

LOCK TABLES `bitacora` WRITE;
/*!40000 ALTER TABLE `bitacora` DISABLE KEYS */;
/*!40000 ALTER TABLE `bitacora` ENABLE KEYS */;
UNLOCK TABLES;

--
-- Table structure for table `cliente`
--

DROP TABLE IF EXISTS `cliente`;
/*!40101 SET @saved_cs_client     = @@character_set_client */;
/*!50503 SET character_set_client = utf8mb4 */;
CREATE TABLE `cliente` (
  `idcliente` int NOT NULL AUTO_INCREMENT,
  `nit` varchar(45) NOT NULL,
  `nombre` varchar(255) NOT NULL,
  `direccion` varchar(255) NOT NULL,
  PRIMARY KEY (`idcliente`)
) ENGINE=InnoDB AUTO_INCREMENT=9 DEFAULT CHARSET=utf8mb4 COLLATE=utf8mb4_0900_ai_ci;
/*!40101 SET character_set_client = @saved_cs_client */;

--
-- Dumping data for table `cliente`
--

LOCK TABLES `cliente` WRITE;
/*!40000 ALTER TABLE `cliente` DISABLE KEYS */;
INSERT INTO `cliente` VALUES (2,'456','Pedro','Huehuetenango'),(3,'421','Emma','Ciudad de Guatemala'),(7,'1213','Byron Burgos','Santa Catarina Pinula');
/*!40000 ALTER TABLE `cliente` ENABLE KEYS */;
UNLOCK TABLES;

--
-- Table structure for table `detallefactura`
--

DROP TABLE IF EXISTS `detallefactura`;
/*!40101 SET @saved_cs_client     = @@character_set_client */;
/*!50503 SET character_set_client = utf8mb4 */;
CREATE TABLE `detallefactura` (
  `idDetalleFactura` int NOT NULL AUTO_INCREMENT,
  `idfactura` int NOT NULL,
  `idproducto` int NOT NULL,
  `cantidad` int NOT NULL,
  `subtotal` decimal(7,2) NOT NULL DEFAULT '0.00',
  PRIMARY KEY (`idDetalleFactura`),
  KEY `FK_FACTUR_idx` (`idfactura`),
  KEY `FK_PRODUCTO_idx` (`idproducto`),
  CONSTRAINT `FK_FACTURA` FOREIGN KEY (`idfactura`) REFERENCES `factura` (`idfactura`),
  CONSTRAINT `FK_PRODUCTO` FOREIGN KEY (`idproducto`) REFERENCES `producto` (`idproducto`)
) ENGINE=InnoDB AUTO_INCREMENT=24 DEFAULT CHARSET=utf8mb4 COLLATE=utf8mb4_0900_ai_ci;
/*!40101 SET character_set_client = @saved_cs_client */;

--
-- Dumping data for table `detallefactura`
--

LOCK TABLES `detallefactura` WRITE;
/*!40000 ALTER TABLE `detallefactura` DISABLE KEYS */;
INSERT INTO `detallefactura` VALUES (20,11,2,9,134.28),(21,10,6,2,11.52),(22,10,4,3,32.67),(23,10,7,2,18.46);
/*!40000 ALTER TABLE `detallefactura` ENABLE KEYS */;
UNLOCK TABLES;

--
-- Table structure for table `factura`
--

DROP TABLE IF EXISTS `factura`;
/*!40101 SET @saved_cs_client     = @@character_set_client */;
/*!50503 SET character_set_client = utf8mb4 */;
CREATE TABLE `factura` (
  `idfactura` int NOT NULL AUTO_INCREMENT,
  `idCliente` int NOT NULL,
  `fecha` datetime DEFAULT CURRENT_TIMESTAMP,
  `total` decimal(7,2) DEFAULT '0.00',
  PRIMARY KEY (`idfactura`),
  KEY `FK_CLIENTE_idx` (`idCliente`),
  CONSTRAINT `FK_CLIENTE` FOREIGN KEY (`idCliente`) REFERENCES `cliente` (`idcliente`)
) ENGINE=InnoDB AUTO_INCREMENT=12 DEFAULT CHARSET=utf8mb4 COLLATE=utf8mb4_0900_ai_ci;
/*!40101 SET character_set_client = @saved_cs_client */;

--
-- Dumping data for table `factura`
--

LOCK TABLES `factura` WRITE;
/*!40000 ALTER TABLE `factura` DISABLE KEYS */;
INSERT INTO `factura` VALUES (10,7,'2022-05-30 22:47:44',51.13),(11,3,'2022-05-31 20:52:35',0.00);
/*!40000 ALTER TABLE `factura` ENABLE KEYS */;
UNLOCK TABLES;

--
-- Table structure for table `ganancia`
--

DROP TABLE IF EXISTS `ganancia`;
/*!40101 SET @saved_cs_client     = @@character_set_client */;
/*!50503 SET character_set_client = utf8mb4 */;
CREATE TABLE `ganancia` (
  `idGanancia` int NOT NULL AUTO_INCREMENT,
  `ganancia` decimal(7,2) DEFAULT NULL,
  `fechahora` datetime DEFAULT NULL,
  PRIMARY KEY (`idGanancia`)
) ENGINE=InnoDB AUTO_INCREMENT=4 DEFAULT CHARSET=utf8mb4 COLLATE=utf8mb4_0900_ai_ci;
/*!40101 SET character_set_client = @saved_cs_client */;

--
-- Dumping data for table `ganancia`
--

LOCK TABLES `ganancia` WRITE;
/*!40000 ALTER TABLE `ganancia` DISABLE KEYS */;
INSERT INTO `ganancia` VALUES (1,836.57,'2022-03-23 12:36:27'),(2,836.57,'2022-03-24 07:49:00'),(3,NULL,'2022-04-25 07:54:03');
/*!40000 ALTER TABLE `ganancia` ENABLE KEYS */;
UNLOCK TABLES;

--
-- Table structure for table `informe`
--

DROP TABLE IF EXISTS `informe`;
/*!40101 SET @saved_cs_client     = @@character_set_client */;
/*!50503 SET character_set_client = utf8mb4 */;
CREATE TABLE `informe` (
  `idInforme` int NOT NULL AUTO_INCREMENT,
  `ganancia` decimal(7,2) DEFAULT NULL,
  `cantidaArticulos` int DEFAULT NULL,
  `iva` decimal(7,2) DEFAULT NULL,
  `tipo` varchar(100) DEFAULT NULL,
  PRIMARY KEY (`idInforme`)
) ENGINE=InnoDB AUTO_INCREMENT=14 DEFAULT CHARSET=utf8mb4 COLLATE=utf8mb4_0900_ai_ci;
/*!40101 SET character_set_client = @saved_cs_client */;

--
-- Dumping data for table `informe`
--

LOCK TABLES `informe` WRITE;
/*!40000 ALTER TABLE `informe` DISABLE KEYS */;
INSERT INTO `informe` VALUES (11,347.83,121,278.24,'diario'),(12,647.11,196,748.47,'semana'),(13,836.57,271,896.89,'mes');
/*!40000 ALTER TABLE `informe` ENABLE KEYS */;
UNLOCK TABLES;

--
-- Table structure for table `marca`
--

DROP TABLE IF EXISTS `marca`;
/*!40101 SET @saved_cs_client     = @@character_set_client */;
/*!50503 SET character_set_client = utf8mb4 */;
CREATE TABLE `marca` (
  `idmarca` int NOT NULL AUTO_INCREMENT,
  `idProveedor` int NOT NULL,
  `nombre` varchar(255) NOT NULL,
  PRIMARY KEY (`idmarca`),
  KEY `FK_MARCA_PROVEEDOR_idx` (`idProveedor`),
  CONSTRAINT `FK_MARCA_PROVEEDOR` FOREIGN KEY (`idProveedor`) REFERENCES `proveedor` (`idProveedor`)
) ENGINE=InnoDB AUTO_INCREMENT=10 DEFAULT CHARSET=utf8mb4 COLLATE=utf8mb4_0900_ai_ci;
/*!40101 SET character_set_client = @saved_cs_client */;

--
-- Dumping data for table `marca`
--

LOCK TABLES `marca` WRITE;
/*!40000 ALTER TABLE `marca` DISABLE KEYS */;
INSERT INTO `marca` VALUES (1,1,'KELLOGS'),(2,5,'MALHER'),(3,3,'QUAKER'),(4,5,'MEMBER SELECTION'),(9,5,'POLLO');
/*!40000 ALTER TABLE `marca` ENABLE KEYS */;
UNLOCK TABLES;

--
-- Table structure for table `migrations`
--

DROP TABLE IF EXISTS `migrations`;
/*!40101 SET @saved_cs_client     = @@character_set_client */;
/*!50503 SET character_set_client = utf8mb4 */;
CREATE TABLE `migrations` (
  `id` int unsigned NOT NULL AUTO_INCREMENT,
  `migration` varchar(255) COLLATE utf8mb4_unicode_ci NOT NULL,
  `batch` int NOT NULL,
  PRIMARY KEY (`id`)
) ENGINE=InnoDB AUTO_INCREMENT=5 DEFAULT CHARSET=utf8mb4 COLLATE=utf8mb4_unicode_ci;
/*!40101 SET character_set_client = @saved_cs_client */;

--
-- Dumping data for table `migrations`
--

LOCK TABLES `migrations` WRITE;
/*!40000 ALTER TABLE `migrations` DISABLE KEYS */;
INSERT INTO `migrations` VALUES (1,'2014_10_12_000000_create_users_table',1),(2,'2014_10_12_100000_create_password_resets_table',1),(3,'2019_08_19_000000_create_failed_jobs_table',1),(4,'2019_12_14_000001_create_personal_access_tokens_table',1);
/*!40000 ALTER TABLE `migrations` ENABLE KEYS */;
UNLOCK TABLES;

--
-- Table structure for table `password_resets`
--

DROP TABLE IF EXISTS `password_resets`;
/*!40101 SET @saved_cs_client     = @@character_set_client */;
/*!50503 SET character_set_client = utf8mb4 */;
CREATE TABLE `password_resets` (
  `email` varchar(255) COLLATE utf8mb4_unicode_ci NOT NULL,
  `token` varchar(255) COLLATE utf8mb4_unicode_ci NOT NULL,
  `created_at` timestamp NULL DEFAULT NULL,
  KEY `password_resets_email_index` (`email`)
) ENGINE=InnoDB DEFAULT CHARSET=utf8mb4 COLLATE=utf8mb4_unicode_ci;
/*!40101 SET character_set_client = @saved_cs_client */;

--
-- Dumping data for table `password_resets`
--

LOCK TABLES `password_resets` WRITE;
/*!40000 ALTER TABLE `password_resets` DISABLE KEYS */;
/*!40000 ALTER TABLE `password_resets` ENABLE KEYS */;
UNLOCK TABLES;

--
-- Table structure for table `personal_access_tokens`
--

DROP TABLE IF EXISTS `personal_access_tokens`;
/*!40101 SET @saved_cs_client     = @@character_set_client */;
/*!50503 SET character_set_client = utf8mb4 */;
CREATE TABLE `personal_access_tokens` (
  `id` bigint unsigned NOT NULL AUTO_INCREMENT,
  `tokenable_type` varchar(255) COLLATE utf8mb4_unicode_ci NOT NULL,
  `tokenable_id` bigint unsigned NOT NULL,
  `name` varchar(255) COLLATE utf8mb4_unicode_ci NOT NULL,
  `token` varchar(64) COLLATE utf8mb4_unicode_ci NOT NULL,
  `abilities` text COLLATE utf8mb4_unicode_ci,
  `last_used_at` timestamp NULL DEFAULT NULL,
  `created_at` timestamp NULL DEFAULT NULL,
  `updated_at` timestamp NULL DEFAULT NULL,
  PRIMARY KEY (`id`),
  UNIQUE KEY `personal_access_tokens_token_unique` (`token`),
  KEY `personal_access_tokens_tokenable_type_tokenable_id_index` (`tokenable_type`,`tokenable_id`)
) ENGINE=InnoDB DEFAULT CHARSET=utf8mb4 COLLATE=utf8mb4_unicode_ci;
/*!40101 SET character_set_client = @saved_cs_client */;

--
-- Dumping data for table `personal_access_tokens`
--

LOCK TABLES `personal_access_tokens` WRITE;
/*!40000 ALTER TABLE `personal_access_tokens` DISABLE KEYS */;
/*!40000 ALTER TABLE `personal_access_tokens` ENABLE KEYS */;
UNLOCK TABLES;

--
-- Table structure for table `producto`
--

DROP TABLE IF EXISTS `producto`;
/*!40101 SET @saved_cs_client     = @@character_set_client */;
/*!50503 SET character_set_client = utf8mb4 */;
CREATE TABLE `producto` (
  `idproducto` int NOT NULL AUTO_INCREMENT,
  `idMarca` int NOT NULL,
  `nombre` varchar(255) NOT NULL,
  `precio` decimal(7,2) NOT NULL DEFAULT '0.00',
  PRIMARY KEY (`idproducto`),
  KEY `FK_MARCA_PRODUCTO_idx` (`idMarca`),
  CONSTRAINT `FK_MARCA_PRODUCTO` FOREIGN KEY (`idMarca`) REFERENCES `marca` (`idmarca`)
) ENGINE=InnoDB AUTO_INCREMENT=10 DEFAULT CHARSET=utf8mb4 COLLATE=utf8mb4_0900_ai_ci;
/*!40101 SET character_set_client = @saved_cs_client */;

--
-- Dumping data for table `producto`
--

LOCK TABLES `producto` WRITE;
/*!40000 ALTER TABLE `producto` DISABLE KEYS */;
INSERT INTO `producto` VALUES (2,1,'Cereal Corn Flakes Kelloggs',14.92),(4,2,'Puré Papa Malher',10.89),(5,2,'Consomé Pollo Malher',11.24),(6,2,'Canela Raja Malher',5.76),(7,3,'Avena Hojuelas Fresa Quaker',9.23),(8,3,'Cereal Fruty Quaker',19.78),(9,4,'Cigarros',40.78);
/*!40000 ALTER TABLE `producto` ENABLE KEYS */;
UNLOCK TABLES;

--
-- Table structure for table `proveedor`
--

DROP TABLE IF EXISTS `proveedor`;
/*!40101 SET @saved_cs_client     = @@character_set_client */;
/*!50503 SET character_set_client = utf8mb4 */;
CREATE TABLE `proveedor` (
  `idProveedor` int NOT NULL AUTO_INCREMENT,
  `nombre` varchar(255) NOT NULL,
  `telefono` varchar(12) DEFAULT NULL,
  PRIMARY KEY (`idProveedor`)
) ENGINE=InnoDB AUTO_INCREMENT=12 DEFAULT CHARSET=utf8mb4 COLLATE=utf8mb4_0900_ai_ci;
/*!40101 SET character_set_client = @saved_cs_client */;

--
-- Dumping data for table `proveedor`
--

LOCK TABLES `proveedor` WRITE;
/*!40000 ALTER TABLE `proveedor` DISABLE KEYS */;
INSERT INTO `proveedor` VALUES (1,'KELLOGS','123456'),(2,'MALHER','123456'),(3,'QUAKER S.A.','123456'),(5,'MEMBER SELECTION','123456');
/*!40000 ALTER TABLE `proveedor` ENABLE KEYS */;
UNLOCK TABLES;

--
-- Table structure for table `users`
--

DROP TABLE IF EXISTS `users`;
/*!40101 SET @saved_cs_client     = @@character_set_client */;
/*!50503 SET character_set_client = utf8mb4 */;
CREATE TABLE `users` (
  `id` bigint unsigned NOT NULL AUTO_INCREMENT,
  `name` varchar(255) COLLATE utf8mb4_unicode_ci NOT NULL,
  `email` varchar(255) COLLATE utf8mb4_unicode_ci NOT NULL,
  `email_verified_at` timestamp NULL DEFAULT NULL,
  `password` varchar(255) COLLATE utf8mb4_unicode_ci NOT NULL,
  `remember_token` varchar(100) COLLATE utf8mb4_unicode_ci DEFAULT NULL,
  `created_at` timestamp NULL DEFAULT NULL,
  `updated_at` timestamp NULL DEFAULT NULL,
  PRIMARY KEY (`id`),
  UNIQUE KEY `users_email_unique` (`email`)
) ENGINE=InnoDB AUTO_INCREMENT=2 DEFAULT CHARSET=utf8mb4 COLLATE=utf8mb4_unicode_ci;
/*!40101 SET character_set_client = @saved_cs_client */;

--
-- Dumping data for table `users`
--

LOCK TABLES `users` WRITE;
/*!40000 ALTER TABLE `users` DISABLE KEYS */;
INSERT INTO `users` VALUES (1,'Byron Othoniel Burgos Paniagua','byron.burgos.paniagua@gmail.com',NULL,'$2y$10$EUuDNTiPPndbP2tErjDEjO87yMUDuNAQ12QQPbAqxwT6C6OJm0eia',NULL,'2022-05-22 00:16:29','2022-05-22 00:16:29');
/*!40000 ALTER TABLE `users` ENABLE KEYS */;
UNLOCK TABLES;

--
-- Table structure for table `usuarios`
--

DROP TABLE IF EXISTS `usuarios`;
/*!40101 SET @saved_cs_client     = @@character_set_client */;
/*!50503 SET character_set_client = utf8mb4 */;
CREATE TABLE `usuarios` (
  `idusuario` int NOT NULL AUTO_INCREMENT,
  `nombre` varchar(200) NOT NULL,
  `correo` varchar(250) DEFAULT NULL,
  `clave` varchar(250) DEFAULT NULL,
  PRIMARY KEY (`idusuario`),
  UNIQUE KEY `cons_email` (`correo`)
) ENGINE=InnoDB AUTO_INCREMENT=40 DEFAULT CHARSET=utf8mb4 COLLATE=utf8mb4_0900_ai_ci;
/*!40101 SET character_set_client = @saved_cs_client */;

--
-- Dumping data for table `usuarios`
--

LOCK TABLES `usuarios` WRITE;
/*!40000 ALTER TABLE `usuarios` DISABLE KEYS */;
INSERT INTO `usuarios` VALUES (39,'Byron Burgos','byron.burgos.paniagua@gmail.com','$2b$10$o5/ckW4WlPtdkCfr.Sfj6emS5AiK0OfAvFJ2WZkWS6S5Ux3i2sPdi');
/*!40000 ALTER TABLE `usuarios` ENABLE KEYS */;
UNLOCK TABLES;
/*!40103 SET TIME_ZONE=@OLD_TIME_ZONE */;

/*!40101 SET SQL_MODE=@OLD_SQL_MODE */;
/*!40014 SET FOREIGN_KEY_CHECKS=@OLD_FOREIGN_KEY_CHECKS */;
/*!40014 SET UNIQUE_CHECKS=@OLD_UNIQUE_CHECKS */;
/*!40101 SET CHARACTER_SET_CLIENT=@OLD_CHARACTER_SET_CLIENT */;
/*!40101 SET CHARACTER_SET_RESULTS=@OLD_CHARACTER_SET_RESULTS */;
/*!40101 SET COLLATION_CONNECTION=@OLD_COLLATION_CONNECTION */;
/*!40111 SET SQL_NOTES=@OLD_SQL_NOTES */;

-- Dump completed on 2022-06-01 19:55:57
